comparison,mean_1,mean_2,t_statistic,p_value,cohens_d,significance
-1 vs 5,0.4,0.13333333333333333,1.6733200530681513,0.10540208676341266,0.632455532033676,ns
-1 vs 10,0.4,0.13333333333333333,1.6733200530681513,0.10540208676341266,0.632455532033676,ns
-1 vs 20,0.4,0.06666666666666667,2.2687130324325753,0.031188403464292105,0.8574929257125442,*
5 vs 10,0.13333333333333333,0.13333333333333333,0.0,1.0,0.0,ns
5 vs 20,0.13333333333333333,0.06666666666666667,0.5916079783099617,0.5588598585998752,0.223606797749979,ns
10 vs 20,0.13333333333333333,0.06666666666666667,0.5916079783099617,0.5588598585998752,0.223606797749979,ns
