comparison,mean_1,mean_2,t_statistic,p_value,cohens_d,significance
1 vs 2,0.13333333333333333,0.0,1.4675987714106862,0.15335733227841758,0.5547001962252293,ns
1 vs 3,0.13333333333333333,0.0,1.4675987714106862,0.15335733227841758,0.5547001962252293,ns
2 vs 3,0.0,0.0,,,0.0,ns
