rounds_before_vote,imposter_win_rate,win_rate_ci,count,mean_convergence_time,convergence_ci,imposter_conv_time,imposter_conv_ci,crew_conv_time,crew_conv_ci
1,0.13333333333333333,0.19485677145534944,15,5.266666666666667,1.1926370778506932,7.0,0.0,5.0,1.3285307821649783
2,0.0,0.0,15,8.133333333333333,2.112542736785724,,,8.133333333333333,2.112542736785724
3,0.0,0.0,15,10.6,1.6454462242835328,,,6.75,6.006735676008824
