memory_length,imposter_win_rate,win_rate_ci,count,mean_convergence_time,convergence_ci,imposter_conv_time,imposter_conv_ci,crew_conv_time,crew_conv_ci
-1,0.4,0.2808184956260842,15,5.533333333333333,0.8596152014641194,7.0,0.0,4.555555555555555,0.950099132152082
5,0.13333333333333333,0.19485677145534944,15,5.133333333333334,1.1049228813213428,7.0,0.0,4.846153846153846,1.2047079971762393
10,0.13333333333333333,0.19485677145534944,15,4.666666666666667,0.9043214705368305,7.0,0.0,4.3076923076923075,0.8681882111841326
20,0.06666666666666667,0.14298577919446182,15,4.666666666666667,0.9742838572767473,7.0,0.0,4.5,0.9806359437036858
