imposter_pos,imposter_win_rate,win_rate_ci,count,mean_convergence_time,convergence_ci,imposter_conv_time,imposter_conv_ci,crew_conv_time,crew_conv_ci
0,0.26666666666666666,0.2534866936887115,15,5.933333333333334,0.7390343584411314,7.0,0.0,5.545454545454546,0.9193548605735882
1,0.06666666666666667,0.14298577919446182,15,4.666666666666667,1.1009507071174354,7.0,0.0,4.5,1.1266649224105525
2,0.2,0.22928734153996538,15,3.7333333333333334,1.2288223391178297,7.0,0.0,2.9166666666666665,1.0301590048373972
3,0.06666666666666667,0.14298577919446182,15,4.666666666666667,0.8545034701059563,7.0,0.0,4.5,0.8397664514581739
4,0.06666666666666667,0.1429857791944618,15,4.6,0.9075454432243492,7.0,0.0,4.428571428571429,0.8977480989324048
5,0.13333333333333333,0.19485677145534946,15,5.266666666666667,1.0353253753584626,7.0,0.0,5.0,1.130530464784314
6,0.2,0.22928734153996536,15,5.266666666666667,1.076809999262598,7.0,0.0,4.833333333333333,1.2365865768429676
7,0.26666666666666666,0.2534866936887115,15,5.533333333333333,1.0437542149334282,7.0,0.0,5.0,1.309597107573561
